zone,use_type,elec_kwh_per_sqft_yr,gas_therm_per_sqft_yr
1,retail_services,14.8401,0.096685
2,retail_services,16.701275,0.08191
3,retail_services,16.474675,0.068046
4,retail_services,17.0851,0.064905
5,retail_services,16.61525,0.069447
6,retail_services,18.2827,0.057841
7,retail_services,18.2256,0.055988
8,retail_services,18.25455,0.052027
9,retail_services,18.7114,0.055015
10,retail_services,18.865575,0.066048
11,retail_services,18.5076,0.080474
12,retail_services,17.869675,0.077514
13,retail_services,18.808175,0.071683
14,retail_services,19.970875,0.064345
15,retail_services,21.32145,0.055857
16,retail_services,18.61825,0.097422
1,restaurant,13.88235,0.427984
2,restaurant,15.99125,0.416146
3,restaurant,15.15435,0.377608
4,restaurant,16.3306,0.392839
5,restaurant,15.3182,0.387931
6,restaurant,15.84455,0.358576
7,restaurant,16.11625,0.36915
8,restaurant,16.8856,0.387228
9,restaurant,17.66425,0.396402
10,restaurant,18.5127,0.416698
11,restaurant,19.24395,0.460472
12,restaurant,17.7486,0.42562
13,restaurant,19.44735,0.445243
14,restaurant,21.08955,0.461533
15,restaurant,22.4575,0.446477
16,restaurant,19.09765,0.487431
1,accommodation,2.981,0.102716
2,accommodation,3.83825,0.095497
3,accommodation,3.57745,0.071871
4,accommodation,4.0002,0.071537
5,accommodation,3.7643,0.06922
6,accommodation,4.46815,0.067203
7,accommodation,4.50335,0.06621
8,accommodation,4.5709,0.064047
9,accommodation,4.84645,0.073999
10,accommodation,5.02085,0.079555
11,accommodation,5.1987,0.115045
12,accommodation,4.70835,0.096746
13,accommodation,5.37395,0.09304
14,accommodation,6.00815,0.092434
15,accommodation,7.00195,0.089939
16,accommodation,5.23455,0.139466
1,arts_entertainment,14.44925,0.329155
2,arts_entertainment,16.4167,0.264131
3,arts_entertainment,15.26975,0.17539
4,arts_entertainment,16.4128,0.189215
5,arts_entertainment,15.2939,0.177132
6,arts_entertainment,16.70525,0.151547
7,arts_entertainment,16.369,0.133885
8,arts_entertainment,17.2964,0.169541
9,arts_entertainment,17.76635,0.165378
10,arts_entertainment,18.87995,0.208213
11,arts_entertainment,19.85,0.298474
12,arts_entertainment,18.6917,0.287056
13,arts_entertainment,20.0234,0.269877
14,arts_entertainment,21.78305,0.230756
15,arts_entertainment,24.02325,0.224139
16,arts_entertainment,20.0382,0.348036
1,other_services,14.8293,0.081512
2,other_services,15.5163,0.064395
3,other_services,15.0278,0.055339
4,other_services,15.4817,0.052389
5,other_services,14.87735,0.055354
6,other_services,14.8592,0.044798
7,other_services,14.9352,0.04425
8,other_services,15.46175,0.045049
9,other_services,15.90025,0.043846
10,other_services,16.14165,0.046813
11,other_services,17.8316,0.057385
12,other_services,16.6878,0.058295
13,other_services,17.78295,0.050945
14,other_services,18.8605,0.045322
15,other_services,19.6447,0.037125
16,other_services,17.88125,0.072049
1,office_services,5.42175,0.054637
2,office_services,6.76265,0.052281
3,office_services,6.31365,0.039959
4,office_services,6.90635,0.042876
5,office_services,6.4412,0.038239
6,office_services,7.1497,0.030373
7,office_services,7.19965,0.034945
8,office_services,7.48115,0.036784
9,office_services,7.7908,0.039404
10,office_services,7.76155,0.04297
11,office_services,8.1484,0.058999
12,office_services,7.6155,0.053107
13,office_services,8.21795,0.050411
14,office_services,8.8661,0.049694
15,office_services,9.70095,0.047707
16,office_services,8.29435,0.068505
1,public_admin,4.6193,0.087993
2,public_admin,6.8907,0.090309
3,public_admin,6.2415,0.068716
4,public_admin,7.1846,0.075781
5,public_admin,6.5788,0.06602
6,public_admin,7.9564,0.053154
7,public_admin,8.0774,0.062436
8,public_admin,8.345,0.065922
9,public_admin,8.7117,0.071317
10,public_admin,8.6634,0.077467
11,public_admin,8.5848,0.105605
12,public_admin,8.1456,0.093394
13,public_admin,8.8663,0.090229
14,public_admin,9.5746,0.091042
15,public_admin,11.0213,0.089037
16,public_admin,8.805,0.119711
1,education,7.18986,0.126328
2,education,8.592,0.117779
3,education,7.99504,0.096381
4,education,8.63676,0.097962
5,education,8.12732,0.097231
6,education,8.67896,0.083379
7,education,8.79732,0.087106
8,education,9.12634,0.089099
9,education,9.59494,0.096262
10,education,9.88928,0.099394
11,education,10.2573,0.11633
12,education,9.81458,0.121882
13,education,10.47682,0.106913
14,education,11.3358,0.103838
15,education,12.85028,0.11759
16,education,10.81208,0.147886
1,medical_services,5.2137,0.089316
2,medical_services,6.7542,0.102067
3,medical_services,6.12085,0.073926
4,medical_services,6.9314,0.086798
5,medical_services,6.44735,0.079334
6,medical_services,7.25515,0.069156
7,medical_services,7.4516,0.073232
8,medical_services,7.7478,0.083793
9,medical_services,8.17705,0.093557
10,medical_services,8.56985,0.113581
11,medical_services,8.58165,0.1367
12,medical_services,8.0501,0.120616
13,medical_services,8.84055,0.123063
14,medical_services,9.73695,0.131896
15,medical_services,10.99575,0.137316
16,medical_services,9.01245,0.16367
1,transport_warehousing,3.10605,0.104361
2,transport_warehousing,3.7804,0.071937
3,transport_warehousing,3.37585,0.054232
4,transport_warehousing,3.8058,0.050831
5,transport_warehousing,3.4797,0.052876
6,transport_warehousing,3.77235,0.024552
7,transport_warehousing,3.98545,0.023953
8,transport_warehousing,4.2842,0.030956
9,transport_warehousing,4.78365,0.035343
10,transport_warehousing,4.77875,0.042691
11,transport_warehousing,5.09945,0.080518
12,transport_warehousing,4.6307,0.068806
13,transport_warehousing,5.1887,0.060322
14,transport_warehousing,5.78055,0.059591
15,transport_warehousing,7.12015,0.055267
16,transport_warehousing,4.83705,0.08906
1,wholesale,7.139167,0.071562
2,wholesale,8.815433,0.049785
3,wholesale,8.566667,0.037974
4,wholesale,9.224567,0.035645
5,wholesale,8.7189,0.037071
6,wholesale,9.796433,0.018045
7,wholesale,10.149367,0.017625
8,wholesale,10.141133,0.022291
9,wholesale,10.471367,0.025192
10,wholesale,10.888433,0.030078
11,wholesale,9.986,0.055332
12,wholesale,9.659133,0.047571
13,wholesale,10.429967,0.041821
14,wholesale,10.5882,0.041251
15,wholesale,11.960367,0.038199
16,wholesale,8.9246,0.06117
