zone,du_type,elec_kwh_per_du_yr,gas_therm_per_du_yr
1,detsf_ll,7111.6491,1010.1315
1,detsf_sl,7111.6491,1010.1315
1,attsf,7111.6491,1010.1315
1,mf,4981.3828,575.4819
2,detsf_ll,7740.6360,724.6572
2,detsf_sl,7740.6360,724.6572
2,attsf,7740.6360,724.6572
2,mf,5330.9436,394.8888
3,detsf_ll,7177.9005,733.8128
3,detsf_sl,7177.9005,733.8128
3,attsf,7177.9005,733.8128
3,mf,5431.4835,431.2786
4,detsf_ll,7768.3128,692.9673
4,detsf_sl,7768.3128,692.9673
4,attsf,7768.3128,692.9673
4,mf,5548.2498,367.7578
5,detsf_ll,7290.8486,700.8760
5,detsf_sl,7290.8486,700.8760
5,attsf,7290.8486,700.8760
5,mf,5262.1605,400.6390
6,detsf_ll,7695.9681,522.7682
6,detsf_sl,7695.9681,522.7682
6,attsf,7695.9681,522.7682
6,mf,5356.5840,333.5494
7,detsf_ll,7428.7369,460.6541
7,detsf_sl,7428.7369,460.6541
7,attsf,7428.7369,460.6541
7,mf,5416.3534,315.6166
8,detsf_ll,8687.2436,467.4981
8,detsf_sl,8687.2436,467.4981
8,attsf,8687.2436,467.4981
8,mf,5809.2176,317.0119
9,detsf_ll,9006.5588,535.5882
9,detsf_sl,9006.5588,535.5882
9,attsf,9006.5588,535.5882
9,mf,5836.1792,329.0745
10,detsf_ll,8999.1177,512.3637
10,detsf_sl,8999.1177,512.3637
10,attsf,8999.1177,512.3637
10,mf,5967.9935,316.3155
11,detsf_ll,9370.9095,686.6606
11,detsf_sl,9370.9095,686.6606
11,attsf,9370.9095,686.6606
11,mf,6377.3171,383.2670
12,detsf_ll,8628.5002,681.6142
12,detsf_sl,8628.5002,681.6142
12,attsf,8628.5002,681.6142
12,mf,5813.3656,391.6340
13,detsf_ll,9598.3306,576.5358
13,detsf_sl,9598.3306,576.5358
13,attsf,9598.3306,576.5358
13,mf,6661.1690,361.1705
14,detsf_ll,8991.8089,619.3814
14,detsf_sl,8991.8089,619.3814
14,attsf,8991.8089,619.3814
14,mf,6302.0288,384.0104
15,detsf_ll,13972.8058,416.0371
15,detsf_sl,13972.8058,416.0371
15,attsf,13972.8058,416.0371
15,mf,8389.2647,264.8888
16,detsf_ll,7660.1440,932.9558
16,detsf_sl,7660.1440,932.9558
16,attsf,7660.1440,932.9558
16,mf,5224.5414,524.6092
